Province,District,Division,Houses Damaged,Affected
Sabaragamuwa,Kegalle,Yatiyanthota,0,25
Eastern,Batticaloa,Manmunai North (Batti Town),1,5
Eastern,Batticaloa,Manmunai Pattu (Araipattai),0,4
Eastern,Batticaloa,Koralai Pattu South (Kiran),0,4
Eastern,Batticaloa,Manmunai Pattu (Araipattai),1,3
Central,Kandy,Udunuwara,6,21
North-Western,Kurunegala,Kuliyapitiya West,3,9
Central,Kandy,Delthota,1,3
Southern,Galle,Elpitiya,4,22
Southern,Hambantota,Beliatta,2,8
Central,Nuwara Eliya,Nuwara Eliya,39,356
Sabaragamuwa,Kegalle,Warakapola,9,37
Sabaragamuwa,Kegalle,Warakapola,0,0
Sabaragamuwa,Kegalle,Kegalle,2,13
Sabaragamuwa,Kegalle,Galigamuwa,5,28
Sabaragamuwa,Kegalle,Galigamuwa,0,22
Sabaragamuwa,Kegalle,Ruwanwella,15,832
Sabaragamuwa,Kegalle,Deraniyagala,102,372
Sabaragamuwa,Kegalle,Dehiovita,457,2140
Sabaragamuwa,Kegalle,Rambukkana,1,22
Sabaragamuwa,Ratnapura,Eheliyagoda,0,27
Sabaragamuwa,Ratnapura,Kuruvita,48,6100
Sabaragamuwa,Ratnapura,Nivithigala,17,574
Sabaragamuwa,Ratnapura,Ratnapura,85,7348
Sabaragamuwa,Ratnapura,Elapatha,5,8624
Sabaragamuwa,Ratnapura,Kalawana,8,216
Sabaragamuwa,Ratnapura,Kiriella,12,5850
Sabaragamuwa,Ratnapura,Pelmadulla,29,1016
Sabaragamuwa,Ratnapura,Ayagama,16,515
Southern,Matara,Kirinda Puhulwella,9,34
Southern,Matara,Kotapola,12,44
Southern,Matara,Akuressa,2,8
Southern,Matara,Malimbada,0,10
Western,Kalutara,Kalutara,5,57
Western,Kalutara,Bandaragama,16,366
Western,Kalutara,Mathugama,8,420
Western,Kalutara,Walallavita,39,400
Western,Kalutara,Dodangoda,10,127
Western,Kalutara,Palindanuwara,1,296
Western,Kalutara,Horana,78,530
Western,Kalutara,Agalawatta,8,93
Western,Kalutara,Millaniya,5,938
Western,Kalutara,Bulathsinhala,21,794
Western,Gampaha,Gampaha,26,4784
Western,Gampaha,Attanagalla,20,3513
Western,Gampaha,Wattala,12,24528
Western,Gampaha,Biyagama,12,10049
Western,Gampaha,Kelaniya,24,9399
Western,Gampaha,Ja-Ela,100,6606
Western,Gampaha,Katana,1,4238
North-Western,Kurunegala,Kuliyapitiya West,76,2038
North-Western,Kurunegala,Narammala,1,579
North-Western,Kurunegala,Udubaddawa,32,2121
North-Western,Kurunegala,Pannala,104,3580
North-Western,Kurunegala,Rasnayakapura,10,539
North-Western,Kurunegala,Polgahawela,20,222
North-Western,Kurunegala,Rideegama,9,49
North-Western,Kurunegala,Weerambugedara,0,34
North-Western,Kurunegala,Kuliyapitiya East,0,19
North-Western,Kurunegala,Nikaweratiya,0,44
North-Western,Kurunegala,Bamunukotuwa,0,320
North-Western,Kurunegala,Alawwa,0,105
North-Western,Kurunegala,Bingiriya,1,1722
North-Western,Kurunegala,Mawathagama,2,7
North-Western,Puttalam,Mahawewa,151,4873
North-Western,Puttalam,Dankotuwa,5,481
North-Western,Puttalam,Mundalama,47,5249
North-Western,Puttalam,Arachchikattuwa,2,1505
North-Western,Puttalam,Pallama,26,663
North-Western,Puttalam,Karuwalagaswewa,5,558
North-Western,Puttalam,Anamaduwa,12,497
North-Western,Puttalam,Nattandiya,226,11856
North-Western,Puttalam,Chilaw,0,6015
North-Western,Puttalam,Vanathavilluwa,39,1089
North-Western,Puttalam,Puttalam,15,1397
North-Western,Puttalam,Madampe,21,2707
Western,Colombo,Hanwella,0,1122
Western,Colombo,Kolonnawa,0,9723
Western,Colombo,Homagama,291,1126
Western,Colombo,Dehiwala,0,3
North-Western,Kurunegala,Ganewatta,7,18
North-Western,Kurunegala,Maspotha,0,36
North-Western,Kurunegala,Wariyapola,0,10
North-Western,Kurunegala,Kurunegala,2,12
North-Western,Kurunegala,Mallawapitiya,0,14
North-Western,Puttalam,Mahakumbukkadawala,13,316
North-Western,Puttalam,Wennappuwa,13,1577
Western,Kalutara,Madurawala,11,1615
Western,Kalutara,Ingiriya,6,301
Western,Colombo,Colombo,0,593
Western,Colombo,Kaduwela,1922,7216
Western,Colombo,Kesbewa,14,126
Western,Colombo,Sri Jayawardanapura Kotte,43,157
Western,Colombo,Thimbirigasyaya,0,904
North-Western,Kurunegala,Paduwasnuwara west,5,889
North-Western,Kurunegala,Panduwasnuwara East,0,249
North-Western,Kurunegala,Kobeigane,0,12
North-Western,Kurunegala,Kotavehera,1,11
Northern,Jaffna,Island North(Kayts),1,4
Northern,Jaffna,Valikamam South (Uduvil),0,5
Central,Nuwara Eliya,Ambagamuwakorale,0,28
Central,Nuwara Eliya,Kothmale,3,18
Southern,Matara,Thihagoda,9,139
Southern,Matara,Welipitiya,4,16
Southern,Matara,Hakmana,28,106
Southern,Matara,Athuraliya,5,26
Southern,Matara,Pitabeddara,3,13
North-Western,Puttalam,Kalpitiya,85,2758
North-Western,Puttalam,Nawagattegama,0,34
Western,Kalutara,Beruwala,11,161
Western,Kalutara,Panadura,6,30
Eastern,Batticaloa,Eravur Pattu (Chenkalady),0,1216
North-Western,Kurunegala,Polgahawela,69,287
Eastern,Batticaloa,Manmunai North (Batti Town),1,1
Eastern,Batticaloa,Koralai Pattu (Valachchenai),0,3
Central,Kandy,Akurana,0,83
Central,Kandy,Poojapitiya,1,10
Central,Kandy,Harispattuwa,2,15
North-Western,Puttalam,Mahawewa,0,18
Southern,Galle,Akmeemana,10,1125
Western,Colombo,Sri Jayawardanapura Kotte,0,2863
Western,Colombo,Maharagama,6,386
Western,Colombo,Moratuwa,0,3782
Western,Colombo,Kolonnawa,5,4003
Western,Colombo,Thimbirigasyaya,0,2225
Western,Colombo,Colombo,0,2845
Western,Colombo,Hanwella,0,4
Western,Colombo,Kesbewa,24,540
Western,Colombo,Homagama,177,596
Western,Colombo,Padukka,11,47
Western,Colombo,Ratmalana,0,110
Western,Colombo,Kaduwela,28,254
Western,Gampaha,Gampaha,0,91
Western,Gampaha,Attanagalla,3,10
Western,Gampaha,Wattala,3,8330
Western,Gampaha,Biyagama,4,91
Western,Gampaha,Mahara,2,344
Western,Gampaha,Kelaniya,1,8413
North-Central,Anuradhapura,Nachchadoowa,0,94
Central,Kandy,Udapalatha,8,55
Central,Kandy,Akurana,4,21
Central,Kandy,Pasbage Korale,0,6
Central,Kandy,Medadumbara,28,118
North-Western,Puttalam,Chilaw,0,65
North-Western,Puttalam,Vanathavilluwa,6,20
Southern,Galle,Niyagama,172,668
Southern,Galle,Yakkalamulla,68,1828
Southern,Galle,Baddegama,5,405
Southern,Galle,Habaraduwa,19,620
Southern,Galle,Nagoda,245,3105
Southern,Galle,Galle Four Gravets,6,2657
Southern,Galle,Imaduwa,43,791
Southern,Galle,Elpitiya,261,3691
Southern,Galle,Welivitiya-Divithura,1,64
Central,Nuwara Eliya,Nuwara Eliya,0,55
Southern,Matara,Welipitiya,4,18
Southern,Matara,Pitabeddara,12,50
Southern,Matara,Hakmana,1,4
Southern,Matara,Mulatiyana,4,15
Northern,Mannar,Madhu,0,184
Uva,Moneragala,Buttala,15,54
Central,Kandy,Udunuwara,1,4
North-Western,Puttalam,Arachchikattuwa,0,931
North-Western,Puttalam,Pallama,6,118
North-Western,Puttalam,Karuwalagaswewa,0,243
North-Western,Puttalam,Karuwalagaswewa,0,243
North-Western,Puttalam,Nawagattegama,0,128
North-Western,Puttalam,Mahawewa,1,236
North-Western,Puttalam,Mundalama,0,81
North-Western,Puttalam,Madampe,0,53
North-Western,Puttalam,Chilaw,0,250
North-Western,Puttalam,Nattandiya,0,88
North-Western,Puttalam,Wennappuwa,0,560
North-Western,Puttalam,Anamaduwa,2,9
North-Western,Puttalam,Kalpitiya,0,251
Northern,Jaffna,Nallur,2,9
Northern,Jaffna,Nallur,4,13
Northern,Jaffna,Valikamam West (Chankanai),0,99
Northern,Jaffna,Valikamam North(Tellipallai),0,389
Northern,Jaffna,Island North(Kayts),0,4
Northern,Jaffna,Valikamam East (Kopay),4,15
Northern,Jaffna,Thenmaradchi (Chavakachcheri),155,756
Northern,Jaffna,Vadamaradchi North (Point Pedr,4,499
Northern,Jaffna,Jaffna,0,37
Eastern,Batticaloa,Koralai Pattu North(Vakarai),0,8564
Eastern,Batticaloa,Koralai Pattu West (Oddamavadi,0,4075
Eastern,Batticaloa,Koralai Pattu (Valachchenai),0,2989
Eastern,Batticaloa,Koralai Pattu Central,34,9877
Eastern,Batticaloa,Koralai Pattu South (Kiran),2,5853
Eastern,Batticaloa,Eravur Pattu (Chenkalady),5,13923
Eastern,Batticaloa,Eravur Town (Eravur),2,1669
Eastern,Batticaloa,Manmunai West(Vavunatheivu),1,2981
Eastern,Batticaloa,Porativu Pattu (Ellavul),0,4
Eastern,Batticaloa,Manmunai North (Batti Town),1,546
Eastern,Batticaloa,Porativu Pattu (Ellavul),0,795
Eastern,Batticaloa,Kattankudy,0,2167
Eastern,Batticaloa,Manmunai South - West (Peddipe,0,1037
Eastern,Batticaloa,Manmunai South & Eruvilpattu (,1,294
Eastern,Batticaloa,Manmunai Pattu (Araipattai),0,3670
North-Central,Polonnaruwa,Thamankaduwa,0,53
North-Central,Polonnaruwa,Welikanda,0,93
North-Central,Anuradhapura,Nuwaragam Palatha East,0,98
North-Central,Anuradhapura,Nuwaragam Palatha Central,0,11
Northern,Mullaitivu,Oddusuddan,1,643
Northern,Mullaitivu,Thunukkai,14,426
Northern,Mullaitivu,Maritimepattu,7,48
Northern,Mullaitivu,Weli Oya,1,34
Northern,Mullaitivu,Puthukudiyiruppu,0,4
Northern,Vavuniya,Vavuniya North,4,18
Northern,Kilinochchi,Karachchi,0,839
Northern,Kilinochchi,Kandavalai,0,1071
Northern,Mannar,Manthai West,0,110
Northern,Jaffna,Kareinagar,2,198
Northern,Jaffna,Nallur,11,63
Northern,Jaffna,Valikamam East (Kopay),5,21
Northern,Jaffna,Thenmaradchi (Chavakachcheri),2,96
Northern,Jaffna,Jaffna,1,507
Northern,Jaffna,Nallur,26,89
Northern,Jaffna,Valikamam East (Kopay),5,21
Northern,Jaffna,Valikamam West (Chankanai),4,2464
Northern,Jaffna,Valikamam South (Uduvil),20,146
Northern,Jaffna,Thenmaradchi (Chavakachcheri),80,374
Central,Matale,Dambulla,10,42
Central,Matale,Wilgamuwa,73,298
North-Western,Kurunegala,Kurunegala,0,281
Central,Kandy,Udadumbara,1,4
Central,Kandy,Minipe,1,25
North-Western,Kurunegala,Narammala,0,47
North-Western,Kurunegala,Udubaddawa,0,51
North-Western,Puttalam,Mahawewa,0,148
North-Western,Puttalam,Chilaw,1,361
North-Western,Puttalam,Vanathavilluwa,1,6
North-Western,Kurunegala,Narammala,0,47
North-Western,Puttalam,Mahakumbukkadawala,0,57
North-Western,Puttalam,Arachchikattuwa,0,210
Western,Gampaha,Negombo,0,290
Western,Gampaha,Katana,0,2191
Western,Gampaha,Mirigama,3,11
Western,Gampaha,Wattala,13,65
Eastern,Batticaloa,Manmunai North (Batti Town),0,276
Western,Kalutara,Kalutara,4,1045
Western,Kalutara,Bandaragama,13,2473
Western,Kalutara,Mathugama,119,5599
Western,Kalutara,Palindanuwara,3,588
Western,Kalutara,Dodangoda,13,918
Western,Kalutara,Horana,2,59
Western,Kalutara,Agalawatta,5,180
Western,Kalutara,Millaniya,8,1297
Western,Kalutara,Bulathsinhala,0,128
Western,Kalutara,Walallavita,53,3888
Western,Kalutara,Ingiriya,2,8
Western,Kalutara,Madurawala,3,18
Western,Kalutara,Beruwala,4,681
Western,Kalutara,Panadura,9,3974
Northern,Mullaitivu,Oddusuddan,542,7286
Northern,Mullaitivu,Puthukudiyiruppu,1681,16860
Northern,Mullaitivu,Thunukkai,0,1314
Northern,Mullaitivu,Maritimepattu,73,5503
Northern,Mullaitivu,Manthai East,0,1569
Northern,Kilinochchi,Karachchi,761,38901
Northern,Kilinochchi,Kandavalai,789,25819
Northern,Kilinochchi,Pachchilaipalli,145,7270
Northern,Kilinochchi,Poonakary,530,6538
Northern,Mannar,Mannar Town,0,85
Northern,Vavuniya,Vavuniya North,2,526
Northern,Jaffna,Vadamaradchi East (Maruthnkern,0,12642
Central,Kandy,Kandy Four Gravets & Gangawata,1,850
Central,Kandy,Akurana,0,30
Central,Kandy,Thumpane,1,11
Central,Kandy,Medadumbara,2,7
North-Western,Puttalam,Vanathavilluwa,0,68
Northern,Mullaitivu,Weli Oya,1,19
Eastern,Batticaloa,Manmunai North (Batti Town),0,978
Eastern,Batticaloa,Manmunai Pattu (Araipattai),0,1226
Eastern,Batticaloa,Manmunai South - West (Peddipe,0,146
Eastern,Batticaloa,Porativu Pattu (Ellavul),0,110
Eastern,Batticaloa,Manmunai West(Vavunatheivu),2,8
Central,Kandy,Pathahewaheta,2,7
Sabaragamuwa,Ratnapura,Pelmadulla,25,115
Sabaragamuwa,Ratnapura,Ratnapura,13,724
Central,Nuwara Eliya,Ambagamuwakorale,0,298
Central,Nuwara Eliya,Nuwara Eliya,73,596
Central,Nuwara Eliya,Nuwara Eliya,11,57
Central,Nuwara Eliya,Nuwara Eliya,3,15
Central,Nuwara Eliya,Ambagamuwakorale,18,74
Sabaragamuwa,Ratnapura,Ratnapura,13,1788
Sabaragamuwa,Ratnapura,Elapatha,0,381
Sabaragamuwa,Ratnapura,Kiriella,0,312
Eastern,Batticaloa,Porativu Pattu (Ellavul),2,6
Central,Kandy,Pasbage Korale,0,257
Central,Nuwara Eliya,Ambagamuwakorale,1,4
Southern,Matara,Matara Four Gravets,3,13
Sabaragamuwa,Ratnapura,Ratnapura,0,114
Sabaragamuwa,Kegalle,Bulathkohupitiya,0,26
Central,Kandy,Udapalatha,3,6
Southern,Hambantota,Hambantota,82,359
Southern,Hambantota,Lunugamvehera,0,52
Central,Kandy,Delthota,2,9
Western,Colombo,Sri Jayawardanapura Kotte,0,175
Western,Colombo,Thimbirigasyaya,0,420
Southern,Hambantota,Thissamaharama,1,72
Southern,Hambantota,Beliatta,10,74
Western,Gampaha,Mahara,0,102
Western,Gampaha,Kelaniya,0,1183
Northern,Jaffna,Kareinagar,14,49
Northern,Jaffna,Valikamam East (Kopay),0,14
Northern,Jaffna,Valikamam North(Tellipallai),0,451
Northern,Jaffna,Thenmaradchi (Chavakachcheri),7,26
Northern,Jaffna,Vadamaradchi South-west (Karav,28,568
Southern,Galle,Imaduwa,63,2092
Southern,Galle,Habaraduwa,136,4549
Southern,Galle,Akmeemana,40,839
Southern,Galle,Baddegama,300,1198
Southern,Galle,Goonapeenuwala,6,203
Southern,Galle,Galle Four Gravets,2200,7541
Southern,Galle,Hikkaduwa,21,946
Southern,Galle,Elpitiya,87,2700
Southern,Galle,Benthota,15,140
Southern,Matara,Kirinda Puhulwella,17,57
Southern,Matara,Dickwella,17,184
Southern,Matara,Thihagoda,278,3205
Southern,Matara,Welipitiya,135,7969
Southern,Matara,Devinuwara,18,172
Southern,Matara,Weligama,57,2588
Southern,Matara,Hakmana,35,145
Southern,Matara,Matara Four Gravets,84,3280
Southern,Matara,Athuraliya,12,582
Southern,Matara,Kamburupitiya,27,507
Southern,Matara,Malimbada,82,310
Southern,Matara,Pitabeddara,12,39
Southern,Matara,Pasgoda,7,27
Southern,Matara,Akuressa,73,609
Southern,Matara,Mulatiyana,13,50
Western,Colombo,Maharagama,12,258
Western,Colombo,Thimbirigasyaya,6,4637
Western,Colombo,Sri Jayawardanapura Kotte,75,3804
Western,Colombo,Moratuwa,4,1367
Western,Colombo,Colombo,203,7024
Western,Colombo,Kaduwela,350,1151
Western,Gampaha,Dompe,20,97
Western,Gampaha,Kelaniya,5,12249
Western,Gampaha,Wattala,67,24195
Western,Gampaha,Mahara,18,1436
Western,Gampaha,Gampaha,19,286
Western,Gampaha,Negombo,1,7281
Western,Gampaha,Katana,0,9998
Western,Gampaha,Ja-Ela,10,782
Southern,Matara,Kotapola,8,31
North-Western,Kurunegala,Pannala,3,6
Central,Nuwara Eliya,Nuwara Eliya,0,22
Central,Nuwara Eliya,Ambagamuwakorale,38,182
Sabaragamuwa,Kegalle,Aranayaka,1,4
Sabaragamuwa,Kegalle,Dehiovita,0,48
Southern,Hambantota,Weeraketiya,2,11
Western,Gampaha,Biyagama,3,410
Western,Gampaha,Attanagalla,1,220
Western,Gampaha,Kelaniya,0,4799
Southern,Hambantota,Walasmulla,6,19
Northern,Jaffna,Jaffna,1,5
Western,Gampaha,Wattala,1,2549
Western,Gampaha,Dompe,1,20
Western,Gampaha,Dompe,0,60
Western,Gampaha,Biyagama,5,18
Western,Gampaha,Attanagalla,1,4
Western,Gampaha,Kelaniya,0,195
Western,Gampaha,Wattala,1,1723
Western,Gampaha,Dompe,2,10
Western,Gampaha,Dompe,1,3
Western,Gampaha,Dompe,1,3
Western,Gampaha,Gampaha,2,278
Northern,Mannar,Mannar Town,0,356
Northern,Jaffna,Kareinagar,11,40
Northern,Jaffna,Jaffna,25,93
Eastern,Ampara,Karativu,3,14
Eastern,Batticaloa,Koralai Pattu South (Kiran),0,3776
North-Western,Kurunegala,Udubaddawa,0,102
Northern,Mullaitivu,Weli Oya,8,21
Eastern,Batticaloa,Manmunai Pattu (Araipattai),1,3
Eastern,Batticaloa,Manmunai North (Batti Town),0,1116
Eastern,Batticaloa,Manmunai South - West (Peddipe,1,3
Eastern,Batticaloa,Manmunai Pattu (Araipattai),2,486
Eastern,Batticaloa,Kattankudy,0,262
Eastern,Batticaloa,Koralai Pattu (Valachchenai),0,18
Eastern,Batticaloa,Koralai Pattu South (Kiran),2,5
Eastern,Batticaloa,Manmunai West(Vavunatheivu),0,11
Eastern,Ampara,Samanthurai,0,12
Eastern,Ampara,Samanthurai,8,30
Eastern,Ampara,Uhana,2,157
Eastern,Ampara,Alayadiwembu,26,21132
Eastern,Ampara,Karativu,62,13715
Eastern,Ampara,Lahugala,3,18
Eastern,Ampara,Damana,2,39
Eastern,Ampara,Addalachchenai,1,13532
Eastern,Ampara,Sayinthamarathu,5,430
Eastern,Ampara,Ampara,20,78
Eastern,Ampara,Ninthavur,0,11144
Eastern,Ampara,Thirukkovil,26,16612
Eastern,Ampara,Pothuvil,0,35751
Eastern,Ampara,Akkaraipattu(Karunkoditivu),0,15477
Eastern,Ampara,Kalmunai Tamil,0,2131
Eastern,Ampara,Samanthurai,6,378
Eastern,Ampara,Karativu,62,3230
Eastern,Ampara,Ninthavur,0,2205
Eastern,Ampara,Addalachchenai,1,2835
Eastern,Ampara,Akkaraipattu(Karunkoditivu),1,2250
Eastern,Ampara,Kalmunai,0,4396
Eastern,Ampara,Alayadiwembu,0,3920
Eastern,Ampara,Thirukkovil,26,3880
Eastern,Ampara,Pothuvil,0,3066
Eastern,Ampara,Samanthurai,2,42
Eastern,Ampara,Uhana,4,161
Eastern,Ampara,Ampara,20,78
Eastern,Ampara,Damana,2,11
Eastern,Ampara,Lahugala,3,840
Eastern,Ampara,Pothuvil,0,4678
Eastern,Ampara,Mahaoya,0,3490
Eastern,Ampara,Dehiattakandiya,0,279
Eastern,Ampara,Lahugala,2,7959
Eastern,Ampara,Ninthavur,1,35
Eastern,Ampara,Ampara,9,22
Eastern,Ampara,Damana,0,10
Eastern,Ampara,Uhana,51,169
Eastern,Ampara,Padiyathalawa,51,175
Eastern,Ampara,Kalmunai,5,14
Eastern,Ampara,Eragama,1,5
North-Central,Anuradhapura,Rajanganaya,0,723
North-Central,Anuradhapura,Palagala,8,686
North-Central,Anuradhapura,Palugaswewa,0,171
North-Central,Anuradhapura,Nuwaragam Palatha Central,0,13
North-Central,Anuradhapura,Thambuttegama,0,663
North-Central,Anuradhapura,Thalawa,0,446
North-Central,Anuradhapura,Ipalogama,2,1410
North-Central,Anuradhapura,Galnewa,0,1211
North-Central,Anuradhapura,Nochchiyagama,0,61
Uva,Badulla,Welimada,24,320
Uva,Badulla,Uva Paranagama,7,28
Uva,Badulla,Passara,15,65
Uva,Badulla,Passara,14,323
Uva,Badulla,Kandaketiya,1,1
Uva,Badulla,Haldummulla,4,116
Uva,Badulla,Hali-Ela,7,97118
Uva,Badulla,Mahiyanganaya,70,281
Uva,Badulla,Ella,51,322
Uva,Badulla,Meegahakivula,1,2
Uva,Badulla,Badulla,16,520
Uva,Badulla,Rideemaliyadda,4,49
Uva,Badulla,Uva Paranagama,11,73
Uva,Badulla,Lunugala,5,20
Eastern,Batticaloa,Manmunai South & Eruvilpattu (,3,1098
Eastern,Batticaloa,Manmunai South & Eruvilpattu (,3,103
Eastern,Batticaloa,Porativu Pattu (Ellavul),19,2087
Eastern,Batticaloa,Porativu Pattu (Ellavul),2,50
Eastern,Batticaloa,Eravur Pattu (Chenkalady),2,8281
Eastern,Batticaloa,Eravur Pattu (Chenkalady),20,13028
Eastern,Batticaloa,Manmunai South - West (Peddipe,4,78
Eastern,Batticaloa,Manmunai South - West (Peddipe,2,7
Eastern,Batticaloa,Manmunai Pattu (Araipattai),1,1
Eastern,Batticaloa,Manmunai North (Batti Town),1,7
Eastern,Batticaloa,Koralai Pattu West (Oddamavadi,2,581
Eastern,Batticaloa,Koralai Pattu West (Oddamavadi,0,2712
Eastern,Batticaloa,Koralai Pattu Central,0,4093
Eastern,Batticaloa,Koralai Pattu Central,0,896
Eastern,Batticaloa,Eravur Town (Eravur),0,8948
Eastern,Batticaloa,Koralai Pattu North(Vakarai),0,1990
Eastern,Batticaloa,Koralai Pattu North(Vakarai),0,99
Eastern,Batticaloa,Koralai Pattu (Valachchenai),0,150
Eastern,Batticaloa,Manmunai West(Vavunatheivu),4,1084
Eastern,Batticaloa,Koralai Pattu South (Kiran),0,3316
Southern,Hambantota,Thissamaharama,1,3048
Southern,Hambantota,Hambantota,58,575
Southern,Hambantota,Lunugamvehera,5,21
Southern,Hambantota,Sooriyawewa,1,6
Southern,Hambantota,Angunakolapelessa,1,3
Northern,Jaffna,Island South (Velanai),6,32
Northern,Jaffna,Island North(Kayts),0,251
Northern,Jaffna,Kareinagar,2,77
Northern,Jaffna,Jaffna,6,446
Northern,Jaffna,Nallur,1,28
Northern,Jaffna,Valikamam East (Kopay),6,264
Northern,Jaffna,Valikamam East (Kopay),1,94
Northern,Jaffna,Valikamam West (Chankanai),5,1012
Northern,Jaffna,Valikamam South -West (Sandili,6,45
Northern,Jaffna,Valikamam South (Uduvil),1,164
Northern,Jaffna,Valikamam North(Tellipallai),0,646
Northern,Jaffna,Thenmaradchi (Chavakachcheri),58,158
Northern,Jaffna,Thenmaradchi (Chavakachcheri),110,894
Northern,Jaffna,Vadamaradchi South-west (Karav,0,564
Northern,Jaffna,Vadamaradchi North (Point Pedr,2,1075
Northern,Jaffna,Vadamaradchi East (Maruthnkern,32,266
Northern,Kilinochchi,Kandavalai,4,40
Northern,Kilinochchi,Pachchilaipalli,0,42
Northern,Kilinochchi,Poonakary,2,4
Northern,Kilinochchi,Kandavalai,17,13121
Northern,Kilinochchi,Karachchi,118,13754
Northern,Kilinochchi,Pachchilaipalli,0,917
Northern,Kilinochchi,Poonakary,2,972
North-Western,Kurunegala,Galgamuwa,0,131
North-Western,Kurunegala,Ehetuwewa,0,903
North-Western,Kurunegala,Polpithigama,28,364
North-Western,Kurunegala,Mahawa,2,146
North-Western,Kurunegala,Bingiriya,0,754
North-Western,Kurunegala,Ambanpola,0,200
North-Western,Kurunegala,Ambanpola,0,200
North-Western,Kurunegala,Ganewatta,2,126
North-Western,Kurunegala,Rasnayakapura,0,374
North-Western,Kurunegala,Giribawa,1,332
North-Western,Kurunegala,Wariyapola,1,92
North-Western,Kurunegala,Kobeigane,1,40
North-Western,Kurunegala,Nikaweratiya,1,235
North-Western,Kurunegala,Bamunukotuwa,0,1
Northern,Mannar,Mannar Town,0,618
Northern,Mannar,Madhu,0,771
Northern,Mannar,Manthai West,33,458
Northern,Mannar,Nanadhan,0,584
Uva,Moneragala,Medagama,4,21
Uva,Moneragala,Katharagama,9,1332
Uva,Moneragala,Katharagama,3,1575
Uva,Moneragala,Bibile,5,183
Uva,Moneragala,Siyambalanduwa,16,72
Uva,Moneragala,Thanamalvila,25,85
Uva,Moneragala,Buttala,43,336
Uva,Moneragala,Moneragala,51,901
Uva,Moneragala,Medagama,5,43
Uva,Moneragala,Badalkumbura,0,119
Uva,Moneragala,Wellawaya,8,36
Northern,Mullaitivu,Puthukudiyiruppu,0,28831
Northern,Mullaitivu,Manthai East,0,515
Northern,Mullaitivu,Maritimepattu,0,150
Northern,Mullaitivu,Weli Oya,2,31
Northern,Mullaitivu,Oddusuddan,0,1062
Northern,Mullaitivu,Thunukkai,0,711
Northern,Mullaitivu,Weli Oya,19,210
Northern,Mullaitivu,Maritimepattu,0,5
Central,Nuwara Eliya,Nuwara Eliya,9,214
Central,Nuwara Eliya,Ambagamuwakorale,1,237
Central,Nuwara Eliya,Nuwara Eliya,0,13
Central,Nuwara Eliya,Ambagamuwakorale,1,237
Central,Nuwara Eliya,Nuwara Eliya,0,11
North-Central,Polonnaruwa,Elahera,45,476
North-Central,Polonnaruwa,Elahera,0,76
North-Central,Polonnaruwa,Thamankaduwa,0,2169
North-Central,Polonnaruwa,Dimbulagala,193,591
North-Central,Polonnaruwa,Lankapura,0,20
North-Western,Puttalam,Mundalama,2,988
North-Western,Puttalam,Kalpitiya,0,2835
North-Western,Puttalam,Vanathavilluwa,9,292
North-Western,Puttalam,Mahakumbukkadawala,3,51
North-Western,Puttalam,Nawagattegama,1,152
North-Western,Puttalam,Puttalam,1,2068
North-Western,Puttalam,Pallama,1,3
North-Western,Puttalam,Mahawewa,0,459
North-Western,Puttalam,Chilaw,2,13
North-Western,Puttalam,Vanathavilluwa,0,502
North-Western,Puttalam,Puttalam,0,260
North-Western,Puttalam,Karuwalagaswewa,0,540
North-Western,Puttalam,Anamaduwa,0,282
North-Western,Puttalam,Chilaw,0,90
Sabaragamuwa,Ratnapura,Pelmadulla,0,40
Eastern,Trincomalee,Thambalagamuwa,1,281
Eastern,Trincomalee,Verugal/ Echchalampattai,4,288
Eastern,Trincomalee,Muttur,7,269
Eastern,Trincomalee,Kinniya,48,4098
Eastern,Trincomalee,Kanthalai,12,339
Eastern,Trincomalee,Seruvila,5,18
Eastern,Trincomalee,Thambalagamuwa,3,638
Eastern,Trincomalee,Kuchchaveli,0,1992
Eastern,Trincomalee,Verugal/ Echchalampattai,0,464
Eastern,Trincomalee,Kinniya,6,2910
Eastern,Trincomalee,Kanthalai,1,3
Eastern,Trincomalee,Kuchchaveli,0,2116
Eastern,Trincomalee,Thambalagamuwa,1,5
Eastern,Trincomalee,Seruvila,0,105
Northern,Vavuniya,Vengalacheddikulam,45,142
Northern,Vavuniya,Vavuniya North,17,721
Northern,Vavuniya,Vengalacheddikulam,89,596
Eastern,Trincomalee,Trincomalee Town and Gravets,0,2
Eastern,Trincomalee,Thambalagamuwa,1,281
Northern,Mannar,Musalai,0,1096
Uva,Moneragala,Badalkumbura,14,56
Central,Kandy,Pathadumbara,2,8
Sabaragamuwa,Kegalle,Ruwanwella,0,6
Sabaragamuwa,Kegalle,Warakapola,53,222
Sabaragamuwa,Kegalle,Galigamuwa,254,1160
Sabaragamuwa,Kegalle,Kegalle,10,88
Southern,Galle,Neluwa,21,85
Southern,Galle,Thawalama,27,98
North-Western,Kurunegala,Narammala,0,186
North-Western,Kurunegala,Weerambugedara,0,11
North-Western,Kurunegala,Alawwa,0,12
North-Western,Kurunegala,Mawathagama,0,29
North-Western,Kurunegala,Pannala,0,190
Southern,Matara,Hakmana,10,40
Southern,Matara,Kotapola,145,770
Southern,Matara,Pitabeddara,13,48
Southern,Matara,Dickwella,2,7
Western,Colombo,Padukka,0,359
Sabaragamuwa,Kegalle,Yatiyanthota,9,35
Sabaragamuwa,Ratnapura,Pelmadulla,846,3619
Sabaragamuwa,Ratnapura,Opanayaka,27,622
Sabaragamuwa,Ratnapura,Elapatha,42,660
Central,Kandy,Pasbage Korale,0,443
Central,Nuwara Eliya,Nuwara Eliya,177,903
Central,Nuwara Eliya,Ambagamuwakorale,98,662
Southern,Matara,Pasgoda,25,100
Sabaragamuwa,Ratnapura,Ratnapura,37,1102
Sabaragamuwa,Ratnapura,Kahawatta,0,100
Sabaragamuwa,Ratnapura,Kiriella,5,644
Sabaragamuwa,Ratnapura,Kalawana,1,2
Sabaragamuwa,Ratnapura,Nivithigala,8,253
Sabaragamuwa,Ratnapura,Balangoda,3,63
Sabaragamuwa,Ratnapura,Kuruvita,1,222
Western,Gampaha,Mirigama,0,0
Western,Gampaha,Gampaha,3,166
Western,Gampaha,Attanagalla,3,366
Western,Gampaha,Minuwangoda,0,95
Western,Gampaha,Mahara,1,70
Western,Gampaha,Katana,0,420
Western,Gampaha,Kelaniya,0,9821
Western,Gampaha,Kelaniya,0,12408
Western,Gampaha,Attanagalla,0,116
Western,Gampaha,Mahara,10,572
Western,Gampaha,Ja-Ela,7,1270
Western,Gampaha,Negombo,0,2892
Western,Gampaha,Wattala,70,19580
Western,Gampaha,Gampaha,6,341
Western,Gampaha,Ja-Ela,8,1270
Western,Gampaha,Katana,9,420
North-Western,Puttalam,Arachchikattuwa,4,19
North-Western,Puttalam,Dankotuwa,0,153
North-Western,Puttalam,Nattandiya,0,26
North-Western,Puttalam,Wennappuwa,4,674
North-Western,Puttalam,Dankotuwa,5,200
North-Western,Puttalam,Dankotuwa,5,252
North-Western,Puttalam,Nattandiya,1,270
North-Western,Puttalam,Nattandiya,0,847
North-Western,Puttalam,Mahawewa,0,1400
North-Western,Puttalam,Madampe,0,42
Central,Kandy,Doluwa,1,7
Eastern,Trincomalee,Verugal/ Echchalampattai,1,2
North-Western,Puttalam,Chilaw,3,9
Northern,Jaffna,Nallur,1,4
Northern,Jaffna,Valikamam East (Kopay),4,12
Northern,Jaffna,Valikamam North(Tellipallai),0,12
Northern,Jaffna,Vadamaradchi North (Point Pedr,7,37
Northern,Jaffna,Valikamam South -West (Sandili,1,4
Northern,Jaffna,Vadamaradchi South-west (Karav,3,14
Northern,Jaffna,Island North(Kayts),1,2
Northern,Kilinochchi,Karachchi,0,4
Sabaragamuwa,Ratnapura,Kahawatta,5,21
Northern,Jaffna,Vadamaradchi North (Point Pedr,11,26
Northern,Jaffna,Vadamaradchi North (Point Pedr,5,20
Northern,Jaffna,Kareinagar,1,7
Northern,Jaffna,Vadamaradchi North (Point Pedr,12,42
Northern,Jaffna,Vadamaradchi South-west (Karav,41,164
Northern,Jaffna,Valikamam North(Tellipallai),0,5
Northern,Jaffna,Valikamam South (Uduvil),1,4
Northern,Jaffna,Island North(Kayts),3,8
Northern,Jaffna,Vadamaradchi East (Maruthnkern,0,5
Northern,Jaffna,Thenmaradchi (Chavakachcheri),5,14
Northern,Jaffna,Valikamam East (Kopay),1,2
Northern,Jaffna,Valikamam North(Tellipallai),0,168
Northern,Jaffna,Valikamam South -West (Sandili,0,62
Northern,Jaffna,Valikamam North(Tellipallai),0,17
Northern,Jaffna,Valikamam South -West (Sandili,9,181
Northern,Kilinochchi,Pachchilaipalli,0,104
Eastern,Trincomalee,Padavi Sri Pura,12,55
North-Western,Puttalam,Puttalam,5,1786
North-Western,Puttalam,Chilaw,0,6152
North-Western,Puttalam,Arachchikattuwa,0,279
North-Central,Polonnaruwa,Dimbulagala,0,16
North-Central,Polonnaruwa,Dimbulagala,0,16
North-Central,Polonnaruwa,Thamankaduwa,0,109
North-Central,Polonnaruwa,Welikanda,2,235
North-Central,Polonnaruwa,Lankapura,0,107
Eastern,Trincomalee,Thambalagamuwa,0,183
Eastern,Trincomalee,Seruvila,0,33
Eastern,Trincomalee,Kinniya,0,388
Eastern,Batticaloa,Koralai Pattu Central,1,470
Eastern,Batticaloa,Porativu Pattu (Ellavul),0,9
Eastern,Batticaloa,Koralai Pattu West (Oddamavadi,0,480
Eastern,Batticaloa,Koralai Pattu (Valachchenai),0,1157
Eastern,Batticaloa,Koralai Pattu South (Kiran),2,3230
Eastern,Batticaloa,Eravur Pattu (Chenkalady),2,5538
Eastern,Batticaloa,Manmunai West(Vavunatheivu),0,85
Eastern,Batticaloa,Manmunai North (Batti Town),1,24877
Eastern,Batticaloa,Kattankudy,0,5868
Eastern,Batticaloa,Manmunai South - West (Peddipe,1,152
Eastern,Batticaloa,Manmunai South & Eruvilpattu (,1,11
Eastern,Batticaloa,Porativu Pattu (Ellavul),0,21
Eastern,Batticaloa,Koralai Pattu North(Vakarai),2,1930
Eastern,Batticaloa,Eravur Town (Eravur),0,120
Eastern,Batticaloa,Manmunai Pattu (Araipattai),0,87
Eastern,Ampara,Karativu,0,28
Eastern,Ampara,Alayadiwembu,0,300
Eastern,Ampara,Kalmunai,0,46
Eastern,Ampara,Uhana,0,3
Eastern,Ampara,Eragama,0,11
Sabaragamuwa,Kegalle,Kegalle,0,1
North-Central,Polonnaruwa,Welikanda,0,3
North-Central,Anuradhapura,Nuwaragam Palatha East,0,2
Uva,Moneragala,Moneragala,0,1
Northern,Jaffna,Kareinagar,0,2
Northern,Jaffna,Kareinagar,0,11
Northern,Jaffna,Vadamaradchi North (Point Pedr,7,276
Northern,Jaffna,Thenmaradchi (Chavakachcheri),57,210
Northern,Jaffna,Valikamam South -West (Sandili,7,184
Northern,Jaffna,Vadamaradchi East (Maruthnkern,0,435
Northern,Jaffna,Valikamam East (Kopay),2,9
Northern,Jaffna,Kareinagar,0,560
Northern,Jaffna,Island North(Kayts),1,60
Central,Kandy,Harispattuwa,3,13
North-Western,Puttalam,Chilaw,0,900
Eastern,Batticaloa,Koralai Pattu West (Oddamavadi,0,188
Eastern,Batticaloa,Koralai Pattu (Valachchenai),0,856
Eastern,Batticaloa,Koralai Pattu South (Kiran),2,2680
Eastern,Batticaloa,Eravur Pattu (Chenkalady),0,8292
Eastern,Batticaloa,Eravur Town (Eravur),0,2474
Eastern,Batticaloa,Manmunai North (Batti Town),0,13258
Eastern,Batticaloa,Kattankudy,0,18712
Eastern,Batticaloa,Manmunai Pattu (Araipattai),0,3480
Eastern,Batticaloa,Manmunai South - West (Peddipe,0,20
Eastern,Batticaloa,Manmunai South & Eruvilpattu (,0,58
Eastern,Batticaloa,Porativu Pattu (Ellavul),0,104
Eastern,Batticaloa,Koralai Pattu Central,4,2592
Eastern,Batticaloa,Eravur Pattu (Chenkalady),1,2670
Eastern,Batticaloa,Kattankudy,1,9998
Eastern,Batticaloa,Manmunai Pattu (Araipattai),1,5671
Eastern,Batticaloa,Manmunai South - West (Peddipe,1,227
Eastern,Batticaloa,Porativu Pattu (Ellavul),1,482
Eastern,Batticaloa,Eravur Town (Eravur),0,5200
Eastern,Batticaloa,Manmunai North (Batti Town),0,13232
Eastern,Batticaloa,Manmunai South & Eruvilpattu (,1,3053
Eastern,Batticaloa,Koralai Pattu South (Kiran),1,148
Eastern,Batticaloa,Manmunai West(Vavunatheivu),0,15
Sabaragamuwa,Kegalle,Kegalle,6,20
Eastern,Trincomalee,Kuchchaveli,0,4482
Eastern,Trincomalee,Padavi Sri Pura,1,3
Eastern,Trincomalee,Seruvila,1,4
Eastern,Trincomalee,Thambalagamuwa,1,4
Eastern,Trincomalee,Kinniya,4,22
Eastern,Trincomalee,Kanthalai,0,0
North-Central,Polonnaruwa,Hingurakgoda,0,14
Northern,Mannar,Mannar Town,0,231
Northern,Mannar,Madhu,0,285
Northern,Mannar,Manthai West,0,323
Northern,Kilinochchi,Karachchi,14,944
Northern,Kilinochchi,Kandavalai,2,833
Northern,Kilinochchi,Poonakary,3,284
Northern,Kilinochchi,Pachchilaipalli,0,666
Northern,Mullaitivu,Maritimepattu,2,19
Northern,Mullaitivu,Weli Oya,0,152
Northern,Mullaitivu,Puthukudiyiruppu,0,3
North-Central,Anuradhapura,Nuwaragam Palatha Central,0,7
North-Central,Anuradhapura,Nuwaragam Palatha East,0,112
Sabaragamuwa,Kegalle,Dehiovita,3,98
Southern,Hambantota,Thissamaharama,1,77
Northern,Kilinochchi,Pachchilaipalli,1,4
Uva,Moneragala,Moneragala,0,2
Sabaragamuwa,Ratnapura,Pelmadulla,70,261
Sabaragamuwa,Ratnapura,Godakawela,4,29
Sabaragamuwa,Ratnapura,Kahawatta,21,88
Sabaragamuwa,Ratnapura,Nivithigala,0,66
North-Western,Kurunegala,Narammala,0,2
Northern,Mannar,Mannar Town,0,1
Uva,Moneragala,Badalkumbura,0,2
Sabaragamuwa,Ratnapura,Pelmadulla,3,13
Sabaragamuwa,Kegalle,Deraniyagala,6,25
Sabaragamuwa,Kegalle,Ruwanwella,0,299
Sabaragamuwa,Kegalle,Dehiovita,117,831
North-Western,Kurunegala,Narammala,0,301
North-Western,Kurunegala,Pannala,2,202
North-Western,Kurunegala,Bingiriya,0,31
North-Western,Kurunegala,Alawwa,0,55
North-Western,Kurunegala,Polgahawela,1,228
North-Western,Kurunegala,Weerambugedara,0,17
North-Western,Kurunegala,Nikaweratiya,0,24
North-Western,Puttalam,Chilaw,0,485
North-Western,Puttalam,Arachchikattuwa,0,266
North-Western,Puttalam,Nattandiya,4,150
North-Western,Puttalam,Dankotuwa,3,25
North-Western,Puttalam,Wennappuwa,0,294
North-Western,Puttalam,Pallama,1,39
Western,Gampaha,Kelaniya,5,8654
Western,Gampaha,Attanagalla,8,3502
Western,Gampaha,Wattala,35,11193
Western,Gampaha,Mahara,22,616
Western,Gampaha,Divulapitiya,12,113
Western,Gampaha,Minuwangoda,3,371
Western,Gampaha,Mirigama,13,965
Western,Gampaha,Dompe,97,405
Western,Gampaha,Biyagama,17,9117
Western,Gampaha,Negombo,6,174
Western,Gampaha,Gampaha,13,0
Western,Gampaha,Katana,8,637
Western,Gampaha,Ja-Ela,8,3229
Southern,Hambantota,Ambalantota,0,34
Western,Colombo,Sri Jayawardanapura Kotte,0,175
Western,Colombo,Hanwella,9,1184
Western,Colombo,Kaduwela,160,3576
Western,Colombo,Kolonnawa,15,6130
Western,Colombo,Moratuwa,14,58
Western,Colombo,Colombo,5,1833
Western,Colombo,Thimbirigasyaya,4,250
Western,Colombo,Homagama,31,850
Western,Colombo,Kesbewa,6,24
Western,Colombo,Padukka,4,15
Western,Colombo,Ratmalana,3,9
Western,Colombo,Dehiwala,5,25
Western,Colombo,Maharagama,9,30
Southern,Galle,Nagoda,43,2100
Southern,Galle,Thawalama,150,562
Southern,Galle,Yakkalamulla,8,758
Southern,Galle,Galle Four Gravets,8,176
Southern,Galle,Neluwa,25,135
Southern,Galle,Niyagama,15,48
Southern,Galle,Elpitiya,13,154
Southern,Galle,Imaduwa,18,67
Southern,Matara,Matara Four Gravets,12,44
Southern,Matara,Kamburupitiya,14,53
Southern,Matara,Pitabeddara,8,28
Southern,Matara,Akuressa,21,1636
Southern,Matara,Kirinda Puhulwella,2,4
Southern,Matara,Athuraliya,40,1035
Eastern,Trincomalee,Gomarankadawala,4,16
Western,Gampaha,Wattala,8,4876
Western,Gampaha,Biyagama,14,318
Western,Gampaha,Dompe,23,91
Central,Nuwara Eliya,Ambagamuwakorale,0,168
Sabaragamuwa,Ratnapura,Ratnapura,5,2322
Sabaragamuwa,Ratnapura,Elapatha,0,378
Sabaragamuwa,Ratnapura,Kuruvita,0,7
Sabaragamuwa,Ratnapura,Pelmadulla,46,174
Sabaragamuwa,Ratnapura,Kiriella,0,40
Central,Nuwara Eliya,Ambagamuwakorale,0,401
Central,Kandy,Pasbage Korale,0,1104
Sabaragamuwa,Ratnapura,Kalawana,29,93
Sabaragamuwa,Ratnapura,Elapatha,18,1129
Sabaragamuwa,Ratnapura,Ratnapura,23,7792
Sabaragamuwa,Ratnapura,Pelmadulla,25,89
Western,Gampaha,Wattala,7,53043
Western,Gampaha,Ja-Ela,11,16661
Western,Gampaha,Biyagama,36,16241
Western,Gampaha,Katana,4,12611
Western,Gampaha,Mahara,17,5200
Western,Gampaha,Gampaha,19,10521
Western,Gampaha,Minuwangoda,15,1631
Western,Gampaha,Dompe,11,1158
Western,Gampaha,Kelaniya,3,39418
Western,Gampaha,Negombo,0,581
Western,Gampaha,Attanagalla,15,3889
Western,Gampaha,Mirigama,21,589
Western,Gampaha,Divulapitiya,11,1198
Western,Colombo,Sri Jayawardanapura Kotte,0,2820
Western,Colombo,Homagama,28,1580
Western,Colombo,Kaduwela,0,8324
Western,Colombo,Kolonnawa,0,44588
Western,Colombo,Thimbirigasyaya,0,1448
Western,Colombo,Hanwella,1,958
Western,Colombo,Colombo,0,5160
Western,Colombo,Maharagama,0,216
Western,Colombo,Padukka,0,218
Sabaragamuwa,Ratnapura,Kalawana,8,29
Sabaragamuwa,Ratnapura,Nivithigala,0,7
Sabaragamuwa,Ratnapura,Ratnapura,0,64
Sabaragamuwa,Ratnapura,Ratnapura,1,7
Sabaragamuwa,Ratnapura,Eheliyagoda,401,1602
Sabaragamuwa,Ratnapura,Ayagama,3,140
Sabaragamuwa,Ratnapura,Elapatha,3,530
Sabaragamuwa,Ratnapura,Elapatha,1,3
Sabaragamuwa,Ratnapura,Kiriella,3,2437
Sabaragamuwa,Ratnapura,Kiriella,0,2046
North-Western,Puttalam,Chilaw,3,7399
North-Western,Puttalam,Madampe,6,1908
North-Western,Puttalam,Mundalama,8,1216
North-Western,Puttalam,Dankotuwa,3,802
North-Western,Puttalam,Mahakumbukkadawala,10,693
North-Western,Puttalam,Wennappuwa,5,2148
North-Western,Puttalam,Puttalam,1,2241
North-Western,Puttalam,Mahawewa,0,190
North-Western,Puttalam,Anamaduwa,2,43
North-Western,Puttalam,Arachchikattuwa,9,1167
North-Western,Puttalam,Mahawewa,16,3557
North-Western,Puttalam,Nattandiya,23,8407
North-Western,Puttalam,Puttalam,6,143
North-Western,Puttalam,Karuwalagaswewa,3,37
North-Western,Puttalam,Vanathavilluwa,2,40
Central,Nuwara Eliya,Nuwara Eliya,1,301
Sabaragamuwa,Kegalle,Yatiyanthota,8,38
Sabaragamuwa,Kegalle,Ruwanwella,3,106
Sabaragamuwa,Kegalle,Rambukkana,1,12
Sabaragamuwa,Kegalle,Galigamuwa,4,12
Sabaragamuwa,Kegalle,Mawanella,10,51
Sabaragamuwa,Kegalle,Dehiovita,1,31
Sabaragamuwa,Kegalle,Deraniyagala,3,13
North-Western,Kurunegala,Bingiriya,3,496
North-Western,Kurunegala,Pannala,0,1424
North-Western,Kurunegala,Paduwasnuwara west,0,1
North-Western,Kurunegala,Paduwasnuwara west,0,411
North-Western,Kurunegala,Kobeigane,0,54
North-Western,Kurunegala,Udubaddawa,0,732
North-Western,Kurunegala,Narammala,0,275
North-Western,Kurunegala,Alawwa,1,31
North-Western,Kurunegala,Kuliyapitiya West,0,208
Sabaragamuwa,Ratnapura,Eheliyagoda,2,7
Sabaragamuwa,Ratnapura,Kuruvita,20,144
Sabaragamuwa,Kegalle,Deraniyagala,21,87
Sabaragamuwa,Kegalle,Aranayaka,3,375
Sabaragamuwa,Kegalle,Mawanella,10,38
Central,Nuwara Eliya,Ambagamuwakorale,0,229
Central,Kandy,Pasbage Korale,17,1962
Central,Kandy,Ganga Ihala Korale,31,180
Central,Kandy,Pasbage Korale,0,0
Sabaragamuwa,Ratnapura,Elapatha,1,32
Sabaragamuwa,Ratnapura,Elapatha,0,22
Central,Nuwara Eliya,Nuwara Eliya,1,13
Northern,Jaffna,Valikamam South -West (Sandili,0,70
Northern,Jaffna,Island North(Kayts),1,4
Northern,Jaffna,Valikamam North(Tellipallai),1,15
Northern,Jaffna,Valikamam West (Chankanai),0,158
Northern,Jaffna,Vadamaradchi North (Point Pedr,1,61
Northern,Jaffna,Vadamaradchi North (Point Pedr,2,8
Northern,Jaffna,Valikamam West (Chankanai),2,5
Northern,Jaffna,Valikamam South (Uduvil),0,17
Northern,Jaffna,Vadamaradchi East (Maruthnkern,0,10
Northern,Jaffna,Delft,2,27
Northern,Jaffna,Island South (Velanai),1,6
Northern,Jaffna,Island North(Kayts),0,726
Northern,Jaffna,Kareinagar,3,541
Northern,Jaffna,Jaffna,5,4389
Northern,Jaffna,Nallur,25,4766
Northern,Jaffna,Valikamam South -West (Sandili,5,2752
Northern,Jaffna,Valikamam West (Chankanai),25,3646
Northern,Jaffna,Valikamam South (Uduvil),19,513
Northern,Jaffna,Valikamam North(Tellipallai),57,1643
Northern,Jaffna,Valikamam East (Kopay),19,3498
Northern,Jaffna,Thenmaradchi (Chavakachcheri),57,2537
Northern,Jaffna,Vadamaradchi South-west (Karav,6,3982
Northern,Jaffna,Vadamaradchi North (Point Pedr,11,5663
Northern,Jaffna,Vadamaradchi East (Maruthnkern,41,555
Northern,Jaffna,Jaffna,0,17
Northern,Jaffna,Valikamam South -West (Sandili,1,1
Northern,Jaffna,Kareinagar,1,632
Uva,Badulla,Hali-Ela,74,406
Uva,Badulla,Welimada,8,34
Uva,Badulla,Ella,86,646
Uva,Badulla,Haldummulla,6,32
Uva,Badulla,Soranathota,5,20
Uva,Badulla,Passara,75,388
Uva,Badulla,Badulla,348,1473
Uva,Badulla,Bandarawela,31,144
Uva,Badulla,Lunugala,1,6
Uva,Badulla,Rideemaliyadda,1,6
Uva,Badulla,Uva Paranagama,4,17
North-Western,Puttalam,Mundalama,66,27619
North-Western,Puttalam,Karuwalagaswewa,39,1836
North-Western,Puttalam,Wennappuwa,36,3178
North-Western,Puttalam,Vanathavilluwa,107,7509
North-Western,Puttalam,Puttalam,32,43926
North-Western,Puttalam,Mahakumbukkadawala,53,1988
North-Western,Puttalam,Dankotuwa,8,746
North-Western,Puttalam,Anamaduwa,18,539
North-Western,Puttalam,Madampe,25,4221
North-Western,Puttalam,Arachchikattuwa,18,9444
North-Western,Puttalam,Chilaw,12,26759
North-Western,Puttalam,Kalpitiya,1,13423
North-Western,Puttalam,Pallama,17,281
North-Western,Puttalam,Nawagattegama,0,17
North-Western,Puttalam,Mahawewa,0,4437
North-Western,Puttalam,Nattandiya,0,4499
Northern,Mannar,Mannar Town,2,16087
Northern,Mannar,Nanadhan,1,39
Northern,Mannar,Manthai West,0,1092
Northern,Mannar,Mannar Town,0,525
Northern,Mannar,Nanadhan,0,27
Northern,Mannar,Manthai West,0,88
Northern,Mannar,Musalai,0,628
Central,Matale,Ukuwela,0,13
Central,Matale,Matale,0,111
North-Central,Anuradhapura,Rajanganaya,0,75
North-Central,Anuradhapura,Nochchiyagama,0,145
North-Central,Anuradhapura,Mahavilachchiya,0,323
Northern,Kilinochchi,Karachchi,1,35
Northern,Kilinochchi,Kandavalai,1,5
Northern,Kilinochchi,Poonakary,2,7
Northern,Kilinochchi,Pachchilaipalli,0,140
Western,Gampaha,Biyagama,4,0
Western,Gampaha,Dompe,4,0
Western,Gampaha,Gampaha,3,4
Western,Gampaha,Mahara,3,0
North-Central,Anuradhapura,Rajanganaya,0,766
North-Central,Anuradhapura,Nochchiyagama,0,1422
North-Central,Anuradhapura,Mahavilachchiya,0,426
North-Central,Anuradhapura,Thambuttegama,0,80
North-Central,Anuradhapura,Nuwaragam Palatha Central,0,1123
North-Western,Kurunegala,Panduwasnuwara East,1,4
North-Western,Kurunegala,Narammala,1,3
North-Western,Kurunegala,Rideegama,0,34
North-Western,Kurunegala,Polgahawela,0,700
North-Western,Kurunegala,Alawwa,0,49
North-Western,Kurunegala,Udubaddawa,0,9
North-Western,Kurunegala,Pannala,0,316
North-Western,Kurunegala,Bingiriya,0,54
North-Western,Kurunegala,Weerambugedara,0,15
Eastern,Batticaloa,Koralai Pattu North(Vakarai),1,2
Northern,Mullaitivu,Puthukudiyiruppu,0,122
Northern,Mullaitivu,Weli Oya,0,18
Northern,Mullaitivu,Oddusuddan,0,17
Northern,Mullaitivu,Manthai East,0,142
Northern,Jaffna,Island South (Velanai),0,13
Northern,Jaffna,Island North(Kayts),1,65
Northern,Jaffna,Thenmaradchi (Chavakachcheri),0,128
Northern,Jaffna,Valikamam South (Uduvil),1,24
Northern,Vavuniya,Vavuniya(Tamil),5,42
Northern,Vavuniya,Vavuniya North,2,103
Northern,Vavuniya,Vavuniya South,0,3
Northern,Vavuniya,Vengalacheddikulam,0,76
North-Western,Puttalam,Wennappuwa,0,140
North-Western,Puttalam,Kalpitiya,0,3776
North-Western,Puttalam,Pallama,0,178
North-Western,Puttalam,Chilaw,4,3223
North-Western,Puttalam,Arachchikattuwa,0,613
Northern,Kilinochchi,Pachchilaipalli,0,649
Northern,Kilinochchi,Karachchi,0,15
Northern,Kilinochchi,Kandavalai,0,19
Northern,Mannar,Mannar Town,0,43669
Northern,Mannar,Nanadhan,0,20
Uva,Moneragala,Siyambalanduwa,14,60
North-Western,Puttalam,Anamaduwa,3,5
North-Western,Puttalam,Karuwalagaswewa,0,80
North-Western,Puttalam,Arachchikattuwa,6,837
Northern,Jaffna,Valikamam West (Chankanai),3,6
Northern,Jaffna,Island South (Velanai),0,12
Northern,Jaffna,Thenmaradchi (Chavakachcheri),1,326
Northern,Jaffna,Vadamaradchi North (Point Pedr,0,32
Sabaragamuwa,Kegalle,Warakapola,67,202
Eastern,Trincomalee,Thambalagamuwa,0,172
Northern,Mannar,Nanadhan,1,24
Northern,Kilinochchi,Pachchilaipalli,0,408
Northern,Jaffna,Valikamam South -West (Sandili,1,5
Eastern,Batticaloa,Eravur Pattu (Chenkalady),0,692
Eastern,Batticaloa,Manmunai Pattu (Araipattai),0,10
Eastern,Batticaloa,Manmunai South - West (Peddipe,0,77
Eastern,Batticaloa,Manmunai South & Eruvilpattu (,0,13
Eastern,Batticaloa,Porativu Pattu (Ellavul),1,90
Eastern,Trincomalee,Kinniya,2,317
Eastern,Trincomalee,Kanthalai,1,2
Eastern,Trincomalee,Thambalagamuwa,0,321
Eastern,Trincomalee,Trincomalee Town and Gravets,0,4
Sabaragamuwa,Kegalle,Dehiovita,1,37
Central,Matale,Naula,0,0
North-Central,Polonnaruwa,Hingurakgoda,0,0
Northern,Kilinochchi,Karachchi,18,61
Sabaragamuwa,Ratnapura,Balangoda,7,27
Sabaragamuwa,Ratnapura,Kolonna,4,14
Sabaragamuwa,Ratnapura,Ratnapura,0,1014
Sabaragamuwa,Ratnapura,Ratnapura,0,3450
Sabaragamuwa,Ratnapura,Elapatha,0,1422
Sabaragamuwa,Ratnapura,Ayagama,0,135
Sabaragamuwa,Ratnapura,Kalawana,16,69
Sabaragamuwa,Ratnapura,Pelmadulla,49,199
Sabaragamuwa,Ratnapura,Kuruvita,0,268
Sabaragamuwa,Ratnapura,Nivithigala,5,17
Sabaragamuwa,Ratnapura,Kiriella,3,166
Western,Kalutara,Bulathsinhala,7,97
Sabaragamuwa,Kegalle,Kegalle,1,3
North-Western,Puttalam,Puttalam,1,20542
North-Western,Puttalam,Pallama,0,82
North-Western,Puttalam,Puttalam,7,3055
North-Western,Puttalam,Mundalama,1,5
North-Western,Puttalam,Mahakumbukkadawala,2,10
Western,Gampaha,Mahara,2,177
Western,Colombo,Sri Jayawardanapura Kotte,0,175
Western,Colombo,Kaduwela,0,362
Western,Kalutara,Palindanuwara,0,8
Western,Kalutara,Bulathsinhala,3,82
Western,Gampaha,Biyagama,2,2426
Western,Gampaha,Kelaniya,4,8199
Sabaragamuwa,Kegalle,Dehiovita,20,71
Western,Colombo,Kolonnawa,0,3511
Central,Kandy,Pasbage Korale,3,95
Central,Nuwara Eliya,Kothmale,3,27
Central,Nuwara Eliya,Kothmale,3,9
Central,Nuwara Eliya,Ambagamuwakorale,41,375
Central,Nuwara Eliya,Ambagamuwakorale,4,202
Central,Nuwara Eliya,Nuwara Eliya,159,657
Central,Nuwara Eliya,Nuwara Eliya,2,12
Sabaragamuwa,Ratnapura,Elapatha,0,606
Sabaragamuwa,Ratnapura,Nivithigala,15,48
Sabaragamuwa,Ratnapura,Kahawatta,0,46
Central,Kandy,Pasbage Korale,9,3955
Southern,Hambantota,Walasmulla,1,3
Sabaragamuwa,Kegalle,Yatiyanthota,17,77
Sabaragamuwa,Kegalle,Dehiovita,3,11
Sabaragamuwa,Kegalle,Deraniyagala,0,3
Central,Kandy,Pasbage Korale,10,50
Sabaragamuwa,Ratnapura,Elapatha,1,232
Sabaragamuwa,Ratnapura,Kuruvita,2,351
Sabaragamuwa,Ratnapura,Ayagama,0,17
Sabaragamuwa,Ratnapura,Kiriella,1,49
Sabaragamuwa,Kegalle,Dehiovita,230,831
Sabaragamuwa,Kegalle,Ruwanwella,232,907
Sabaragamuwa,Kegalle,Yatiyanthota,7,86
Sabaragamuwa,Kegalle,Warakapola,14,56
Sabaragamuwa,Kegalle,Rambukkana,9,90
Sabaragamuwa,Kegalle,Galigamuwa,8,25
North-Western,Kurunegala,Polgahawela,0,30
North-Western,Kurunegala,Bamunukotuwa,0,7
North-Western,Kurunegala,Weerambugedara,0,35
North-Western,Kurunegala,Pannala,0,266
North-Western,Kurunegala,Alawwa,0,35
North-Western,Kurunegala,Mawathagama,1,6
North-Western,Kurunegala,Mallawapitiya,0,23
North-Western,Kurunegala,Narammala,0,250
North-Western,Kurunegala,Maspotha,0,24
North-Western,Kurunegala,Ibbagamuwa,1,50
North-Western,Kurunegala,Rideegama,0,11
North-Western,Kurunegala,Wariyapola,0,8
North-Western,Puttalam,Dankotuwa,0,7
Western,Gampaha,Attanagalla,2,15
Western,Gampaha,Mirigama,0,81
Western,Gampaha,Biyagama,3,1598
Western,Gampaha,Minuwangoda,1,3
Western,Gampaha,Dompe,0,132
Western,Gampaha,Divulapitiya,31,137
Western,Gampaha,Mahara,1,4
Western,Gampaha,Gampaha,2,9
Western,Gampaha,Kelaniya,0,3906
Western,Colombo,Hanwella,3,571
Western,Colombo,Colombo,0,106
Western,Colombo,Kaduwela,0,115
Western,Colombo,Kolonnawa,0,782
Western,Kalutara,Bulathsinhala,0,17
Central,Matale,Laggala-Pallegama,1,6
Western,Gampaha,Kelaniya,0,10274
Western,Gampaha,Mahara,8,683
Western,Gampaha,Katana,2,1230
Western,Gampaha,Ja-Ela,0,5047
Western,Gampaha,Ja-Ela,0,287
Western,Gampaha,Gampaha,2,1806
Western,Gampaha,Wattala,0,21143
Western,Gampaha,Wattala,0,5481
Western,Gampaha,Minuwangoda,3,92
Western,Gampaha,Attanagalla,2,410
Western,Gampaha,Mirigama,2,6
Western,Gampaha,Kelaniya,0,6494
Western,Gampaha,Gampaha,0,15
Western,Colombo,Kolonnawa,0,10389
Sabaragamuwa,Ratnapura,Ratnapura,0,5
Sabaragamuwa,Ratnapura,Elapatha,0,56
Sabaragamuwa,Ratnapura,Kuruvita,8,239
Sabaragamuwa,Kegalle,Warakapola,0,7
Sabaragamuwa,Kegalle,Dehiovita,50,182
Central,Kandy,Kandy Four Gravets & Gangawata,3,14
Central,Nuwara Eliya,Nuwara Eliya,0,23
Northern,Jaffna,Valikamam South -West (Sandili,1,37
Northern,Jaffna,Valikamam South -West (Sandili,1,5
Northern,Jaffna,Valikamam South (Uduvil),1,5
Northern,Jaffna,Valikamam East (Kopay),3,11
Northern,Jaffna,Vadamaradchi North (Point Pedr,1,714
North-Western,Puttalam,Mundalama,0,18
Sabaragamuwa,Ratnapura,Kolonna,0,2
Eastern,Batticaloa,Manmunai North (Batti Town),0,3
Eastern,Batticaloa,Manmunai North (Batti Town),0,11
Eastern,Batticaloa,Manmunai West(Vavunatheivu),0,386
Northern,Kilinochchi,Pachchilaipalli,0,28
Northern,Kilinochchi,Pachchilaipalli,0,42
Northern,Kilinochchi,Karachchi,0,12
Northern,Kilinochchi,Kandavalai,0,359
Northern,Jaffna,Valikamam South -West (Sandili,1,4
Northern,Jaffna,Nallur,1,3
Eastern,Batticaloa,Eravur Pattu (Chenkalady),0,2
Sabaragamuwa,Kegalle,Mawanella,31,168
Sabaragamuwa,Kegalle,Rambukkana,12,46
Sabaragamuwa,Kegalle,Aranayaka,1,3
Northern,Vavuniya,Vavuniya(Tamil),0,31
Northern,Vavuniya,Vavuniya(Tamil),0,4
Northern,Vavuniya,Vengalacheddikulam,0,21
Northern,Vavuniya,Vengalacheddikulam,0,7
Eastern,Ampara,Alayadiwembu,0,1147
Northern,Vavuniya,Vavuniya(Tamil),0,35
Northern,Vavuniya,Vengalacheddikulam,2,28
Sabaragamuwa,Kegalle,Yatiyanthota,4,20
Sabaragamuwa,Kegalle,Galigamuwa,3,11
Northern,Vavuniya,Vavuniya North,1,4
Sabaragamuwa,Ratnapura,Elapatha,1,3
Sabaragamuwa,Ratnapura,Kiriella,1,4
Northern,Kilinochchi,Kandavalai,1,1
Northern,Mullaitivu,Oddusuddan,1,3
Northern,Mullaitivu,Manthai East,1,3
Sabaragamuwa,Ratnapura,Nivithigala,2,9
Sabaragamuwa,Ratnapura,Kuruvita,85,252
Central,Nuwara Eliya,Ambagamuwakorale,14,52
North-Western,Puttalam,Anamaduwa,5,24
North-Western,Puttalam,Nawagattegama,2,11
North-Western,Puttalam,Mundalama,1,3
Sabaragamuwa,Ratnapura,Eheliyagoda,5,14
Uva,Badulla,Passara,1,4
North-Western,Puttalam,Vanathavilluwa,1,331
Western,Kalutara,Ingiriya,2,5
Western,Gampaha,Katana,0,3630
North-Western,Kurunegala,Kobeigane,8,30
North-Western,Kurunegala,Udubaddawa,2,5
North-Western,Kurunegala,Kotavehera,1,3
North-Western,Puttalam,Arachchikattuwa,0,282
North-Western,Puttalam,Dankotuwa,0,10
Southern,Matara,Kotapola,0,2250
Southern,Matara,Pasgoda,23,260
Southern,Matara,Kamburupitiya,0,1326
Southern,Matara,Mulatiyana,13,1625
Southern,Matara,Athuraliya,6,3747
Southern,Matara,Pitabeddara,0,2128
Southern,Matara,Akuressa,3,1682
Northern,Jaffna,Jaffna,1,2
Sabaragamuwa,Ratnapura,Balangoda,1,4
Southern,Hambantota,Thissamaharama,1,4
Southern,Galle,Neluwa,13,46
Southern,Galle,Nagoda,0,62
Southern,Galle,Baddegama,1,5
Southern,Galle,Hikkaduwa,1,4
Southern,Galle,Karandeniya,1,3
Southern,Galle,Goonapeenuwala,1,4
Southern,Galle,Thawalama,15,183
Southern,Matara,Matara Four Gravets,0,425
Southern,Matara,Thihagoda,0,649
North-Western,Puttalam,Nattandiya,1,1
Southern,Galle,Niyagama,1,14
Southern,Galle,Elpitiya,10,33
Southern,Matara,Matara Four Gravets,0,1103
Southern,Hambantota,Beliatta,5,20
Sabaragamuwa,Ratnapura,Kalawana,18,61
Sabaragamuwa,Ratnapura,Elapatha,3,17
Sabaragamuwa,Ratnapura,Godakawela,2,6
Sabaragamuwa,Ratnapura,Kuruvita,1,29
Sabaragamuwa,Ratnapura,Elapatha,0,89
Sabaragamuwa,Ratnapura,Nivithigala,5,21
Sabaragamuwa,Kegalle,Dehiovita,4,17
Sabaragamuwa,Kegalle,Deraniyagala,29,119
Western,Kalutara,Walallavita,9,30
Sabaragamuwa,Ratnapura,Ratnapura,0,185
Sabaragamuwa,Ratnapura,Ayagama,0,27
Sabaragamuwa,Ratnapura,Kiriella,0,48
Sabaragamuwa,Ratnapura,Elapatha,0,272
Western,Kalutara,Millaniya,102,395
Western,Kalutara,Ingiriya,5,13
Western,Kalutara,Dodangoda,3,12
Western,Kalutara,Madurawala,9,37
Southern,Matara,Akuressa,5,686
Southern,Matara,Thihagoda,32,443
Southern,Matara,Malimbada,3,235
Southern,Matara,Devinuwara,2,48
Southern,Matara,Welipitiya,4,252
Southern,Matara,Kamburupitiya,4,705
Southern,Matara,Athuraliya,4,472
Southern,Matara,Kirinda Puhulwella,3,13
Southern,Matara,Pasgoda,7,25
Southern,Matara,Hakmana,3,8
Southern,Matara,Matara Four Gravets,9,269
Southern,Matara,Pitabeddara,5,21
Southern,Matara,Mulatiyana,5,20
Southern,Matara,Kotapola,4,34
Southern,Matara,Dickwella,3,9
Southern,Matara,Welipitiya,2,7
Sabaragamuwa,Ratnapura,Balangoda,1,4
Sabaragamuwa,Ratnapura,Pelmadulla,14,61
Sabaragamuwa,Ratnapura,Kahawatta,14,76
Central,Nuwara Eliya,Nuwara Eliya,1,5
Central,Nuwara Eliya,Ambagamuwakorale,2,12
North-Western,Kurunegala,Paduwasnuwara west,1,4
Western,Gampaha,Dompe,2,105
Western,Gampaha,Gampaha,11,303
Western,Gampaha,Wattala,0,31734
Western,Kalutara,Madurawala,49,161
Western,Gampaha,Attanagalla,3,84
Western,Gampaha,Wattala,0,11848
Western,Gampaha,Wattala,2,818
Western,Gampaha,Mirigama,2,9
Sabaragamuwa,Kegalle,Rambukkana,1,4
Sabaragamuwa,Kegalle,Dehiovita,1,2
Sabaragamuwa,Kegalle,Yatiyanthota,4,15
Western,Kalutara,Panadura,19,387
Western,Gampaha,Mahara,5,11
Western,Gampaha,Katana,0,2581
Western,Gampaha,Kelaniya,2,4845
Western,Gampaha,Biyagama,4,7
Southern,Galle,Nagoda,28,361
Southern,Galle,Benthota,12,36
Southern,Galle,Balapitiya,21,52
Southern,Galle,Bope-Poddala,18,210
Southern,Galle,Karandeniya,15,48
Southern,Galle,Goonapeenuwala,2,5
Southern,Galle,Ambalangoda,11,38
Southern,Galle,Niyagama,2,9
Southern,Galle,Akmeemana,8,25
Southern,Galle,Hikkaduwa,7,17
Western,Gampaha,Ja-Ela,0,2442
Southern,Galle,Elpitiya,15,221
Southern,Galle,Welivitiya-Divithura,8,420
Southern,Galle,Thawalama,8,36
Southern,Galle,Yakkalamulla,10,60
Southern,Galle,Habaraduwa,31,4878
Southern,Galle,Baddegama,8,2051
Western,Gampaha,Negombo,1,2213
Southern,Galle,Imaduwa,8,211
Western,Colombo,Colombo,0,202
Western,Gampaha,Mahara,9,495
Uva,Badulla,Bandarawela,22,108
Uva,Badulla,Badulla,6,84
Uva,Badulla,Rideemaliyadda,3,11
Uva,Badulla,Passara,9,40
Uva,Badulla,Haldummulla,49,1308
Central,Nuwara Eliya,Kothmale,0,18
Uva,Badulla,Badulla,0,63
Southern,Hambantota,Beliatta,6,31
Uva,Moneragala,Buttala,0,26
North-Western,Kurunegala,Bingiriya,0,16
North-Western,Kurunegala,Kuliyapitiya East,0,29
North-Western,Kurunegala,Udubaddawa,0,53
North-Western,Puttalam,Dankotuwa,0,199
Central,Kandy,Udapalatha,5,21
Central,Kandy,Thumpane,4,14
Sabaragamuwa,Kegalle,Yatiyanthota,1,5
North-Western,Kurunegala,Narammala,7,24
Sabaragamuwa,Kegalle,Mawanella,2,13
North-Western,Kurunegala,Nikaweratiya,1,4
North-Western,Kurunegala,Bamunukotuwa,0,25
North-Western,Puttalam,Arachchikattuwa,0,80
North-Western,Puttalam,Nattandiya,0,151
North-Western,Puttalam,Nattandiya,0,507
Western,Gampaha,Gampaha,0,912
Western,Gampaha,Minuwangoda,0,187
Western,Gampaha,Attanagalla,0,1040
Western,Gampaha,Katana,0,369
Western,Gampaha,Ja-Ela,0,1104
Western,Gampaha,Wattala,0,8019
Sabaragamuwa,Kegalle,Warakapola,1,4
North-Western,Puttalam,Mundalama,1,1684
North-Central,Anuradhapura,Horowpothana,0,157
Western,Gampaha,Ja-Ela,0,702
North-Western,Kurunegala,Kotavehera,1,3
Western,Gampaha,Minuwangoda,0,6
North-Western,Puttalam,Arachchikattuwa,0,1899
Sabaragamuwa,Ratnapura,Godakawela,1,3
Western,Gampaha,Attanagalla,0,25
Western,Gampaha,Attanagalla,0,109
Western,Gampaha,Minuwangoda,10,36
North-Western,Kurunegala,Kuliyapitiya West,6,17
North-Western,Puttalam,Mundalama,0,3460
North-Western,Puttalam,Mahawewa,0,408
North-Western,Puttalam,Kalpitiya,0,574
Western,Gampaha,Gampaha,2,1005
Western,Gampaha,Minuwangoda,0,66
Western,Gampaha,Attanagalla,0,717
Central,Kandy,Udunuwara,5,46
North-Western,Kurunegala,Kurunegala,89,378
Northern,Jaffna,Vadamaradchi North (Point Pedr,2,211
Northern,Jaffna,Valikamam West (Chankanai),5,1284
Northern,Kilinochchi,Karachchi,5,55
Northern,Jaffna,Valikamam East (Kopay),4,870
Northern,Jaffna,Valikamam South (Uduvil),2,9
Northern,Jaffna,Thenmaradchi (Chavakachcheri),16,90
Northern,Jaffna,Valikamam North(Tellipallai),0,43
Northern,Jaffna,Jaffna,0,27
Northern,Jaffna,Valikamam South -West (Sandili,2,198
Northern,Jaffna,Nallur,0,5
Northern,Jaffna,Vadamaradchi South-west (Karav,2,635
Sabaragamuwa,Kegalle,Rambukkana,1,6
North-Western,Kurunegala,Ambanpola,0,99
North-Western,Kurunegala,Ibbagamuwa,6,377
North-Western,Kurunegala,Udubaddawa,0,162
North-Western,Kurunegala,Alawwa,3,229
North-Western,Kurunegala,Ganewatta,2,269
North-Western,Kurunegala,Polgahawela,7,426
North-Western,Kurunegala,Narammala,1,414
North-Western,Kurunegala,Pannala,0,308
North-Western,Kurunegala,Polgahawela,1,8
Western,Gampaha,Katana,2,213
Sabaragamuwa,Ratnapura,Kolonna,9,184
Sabaragamuwa,Ratnapura,Balangoda,9,491
Sabaragamuwa,Ratnapura,Nivithigala,0,110
Western,Gampaha,Attanagalla,9,1609
Western,Gampaha,Minuwangoda,0,373
Western,Gampaha,Gampaha,4,1756
Northern,Jaffna,Valikamam West (Chankanai),1,5
North-Western,Kurunegala,Bamunukotuwa,1,4
North-Western,Puttalam,Puttalam,0,998
Western,Gampaha,Wattala,0,3805
Sabaragamuwa,Kegalle,Mawanella,1,2
Northern,Mullaitivu,Puthukudiyiruppu,4,13
Eastern,Trincomalee,Kuchchaveli,0,78
Northern,Jaffna,Island North(Kayts),1,1
Northern,Mullaitivu,Oddusuddan,1,8
Northern,Mullaitivu,Maritimepattu,0,197
Sabaragamuwa,Ratnapura,Opanayaka,2,6
North-Western,Puttalam,Mundalama,0,14
North-Western,Puttalam,Arachchikattuwa,1,66
North-Western,Puttalam,Mundalama,1,1826
Northern,Jaffna,Vadamaradchi North (Point Pedr,1,3
Northern,Jaffna,Thenmaradchi (Chavakachcheri),1,5
Sabaragamuwa,Kegalle,Kegalle,1,5
Northern,Kilinochchi,Kandavalai,0,140
Western,Kalutara,Palindanuwara,2,24
Western,Kalutara,Mathugama,2,8
North-Western,Puttalam,Mundalama,0,225
Eastern,Batticaloa,Koralai Pattu South (Kiran),0,271
Eastern,Batticaloa,Koralai Pattu North(Vakarai),0,913
Northern,Mannar,Nanadhan,1,4
Eastern,Batticaloa,Porativu Pattu (Ellavul),0,142
Eastern,Trincomalee,Thambalagamuwa,0,32
Eastern,Trincomalee,Trincomalee Town and Gravets,6,23
Eastern,Batticaloa,Manmunai South - West (Peddipe,0,157
Northern,Jaffna,Valikamam East (Kopay),1,1157
Northern,Jaffna,Valikamam South (Uduvil),1,6
Northern,Jaffna,Thenmaradchi (Chavakachcheri),19,223
Northern,Jaffna,Valikamam South -West (Sandili,6,297
Northern,Jaffna,Vadamaradchi North (Point Pedr,6,712
Northern,Jaffna,Valikamam West (Chankanai),7,2688
Northern,Jaffna,Valikamam North(Tellipallai),2,439
Northern,Jaffna,Vadamaradchi South-west (Karav,2,144
Northern,Jaffna,Kareinagar,0,119
Northern,Jaffna,Island South (Velanai),1,58
Northern,Jaffna,Island North(Kayts),0,940
Eastern,Trincomalee,Thambalagamuwa,1,2
Eastern,Trincomalee,Kinniya,2,9
Eastern,Trincomalee,Padavi Sri Pura,3,6
Eastern,Trincomalee,Kuchchaveli,1,7
Eastern,Trincomalee,Morawewa,1,5
Eastern,Trincomalee,Gomarankadawala,0,37
Eastern,Trincomalee,Muttur,0,19
Eastern,Trincomalee,Trincomalee Town and Gravets,0,2207
Eastern,Trincomalee,Kinniya,0,296
Eastern,Trincomalee,Padavi Sri Pura,0,69
Eastern,Ampara,Karativu,0,3865
Eastern,Ampara,Ampara,5,45
Eastern,Ampara,Pothuvil,1,9777
North-Central,Anuradhapura,Ipalogama,0,9
North-Central,Anuradhapura,Galnewa,0,24
Eastern,Trincomalee,Kinniya,0,297
Eastern,Ampara,Samanthurai,56,222
Eastern,Ampara,Sayinthamarathu,2,22
Uva,Badulla,Meegahakivula,5,14
Eastern,Trincomalee,Verugal/ Echchalampattai,0,480
Central,Matale,Wilgamuwa,0,51
North-Western,Puttalam,Mundalama,1,315
North-Western,Puttalam,Anamaduwa,1,4
North-Western,Puttalam,Nawagattegama,2,7
North-Western,Puttalam,Pallama,1,1
Eastern,Trincomalee,Seruvila,0,32
North-Central,Anuradhapura,Nuwaragam Palatha East,2,20
Southern,Hambantota,Hambantota,3,256
Sabaragamuwa,Kegalle,Deraniyagala,1,2
North-Central,Anuradhapura,Palugaswewa,0,126
Southern,Hambantota,Thissamaharama,8,296
Southern,Hambantota,Lunugamvehera,0,32
Eastern,Ampara,Karativu,0,7380
Eastern,Ampara,Pothuvil,1,26285
Eastern,Ampara,Addalachchenai,0,30367
Eastern,Ampara,Ampara,0,2572
Eastern,Ampara,Lahugala,0,8358
Eastern,Ampara,Samanthurai,0,4422
Eastern,Ampara,Sayinthamarathu,0,511
Eastern,Ampara,Damana,0,1124
Eastern,Batticaloa,Manmunai West(Vavunatheivu),0,47
Eastern,Batticaloa,Koralai Pattu North(Vakarai),0,1207
Eastern,Batticaloa,Porativu Pattu (Ellavul),0,1153
Eastern,Batticaloa,Kattankudy,0,4875
Eastern,Batticaloa,Eravur Pattu (Chenkalady),0,8612
Eastern,Batticaloa,Manmunai South - West (Peddipe,0,293
Eastern,Batticaloa,Koralai Pattu North(Vakarai),0,6426
Eastern,Batticaloa,Koralai Pattu (Valachchenai),0,6426
Eastern,Batticaloa,Koralai Pattu South (Kiran),0,7192
Eastern,Batticaloa,Koralai Pattu West (Oddamavadi,0,1653
Eastern,Batticaloa,Koralai Pattu Central,0,603
Eastern,Batticaloa,Manmunai West(Vavunatheivu),0,32
Eastern,Batticaloa,Manmunai South - West (Peddipe,0,1674
Eastern,Batticaloa,Manmunai South - West (Peddipe,0,1674
Eastern,Batticaloa,Eravur Town (Eravur),0,3617
Uva,Moneragala,Katharagama,7,137
North-Central,Polonnaruwa,Thamankaduwa,0,685
Eastern,Trincomalee,Muttur,0,778
Eastern,Trincomalee,Verugal/ Echchalampattai,0,87
Eastern,Trincomalee,Thambalagamuwa,0,43
Eastern,Trincomalee,Kuchchaveli,0,12
Eastern,Trincomalee,Seruvila,0,37
Eastern,Trincomalee,Trincomalee Town and Gravets,3,17
Eastern,Ampara,Mahaoya,0,90
Eastern,Ampara,Kalmunai,0,1328
Eastern,Ampara,Ninthavur,0,6084
Eastern,Ampara,Alayadiwembu,0,18687
Eastern,Ampara,Uhana,0,399
Eastern,Ampara,Eragama,0,536
Eastern,Ampara,Navithanveli,0,15
Eastern,Ampara,Padiyathalawa,0,119
North-Central,Anuradhapura,Ipalogama,0,11
Uva,Badulla,Mahiyanganaya,2,8
Southern,Hambantota,Hambantota,1,586
Uva,Moneragala,Siyambalanduwa,0,33
Central,Nuwara Eliya,Kothmale,0,0
North-Western,Puttalam,Mundalama,0,807
North-Western,Puttalam,Nawagattegama,0,46
Eastern,Trincomalee,Seruvila,9,30
Eastern,Ampara,Dehiattakandiya,0,7
North-Central,Anuradhapura,Rajanganaya,0,75
North-Western,Kurunegala,Galgamuwa,0,54
North-Central,Polonnaruwa,Medirigiriya,0,173
North-Central,Polonnaruwa,Hingurakgoda,4,101
North-Central,Polonnaruwa,Medirigiriya,0,173
North-Central,Polonnaruwa,Hingurakgoda,4,101
North-Central,Polonnaruwa,Lankapura,0,46
North-Western,Puttalam,Vanathavilluwa,0,392
Eastern,Trincomalee,Verugal/ Echchalampattai,0,341
Eastern,Trincomalee,Kinniya,0,483
Eastern,Trincomalee,Seruvila,0,130
Eastern,Trincomalee,Kanthalai,1,3
Sabaragamuwa,Ratnapura,Nivithigala,1,3
